PRAGMA foreign_keys=OFF;
BEGIN TRANSACTION;
CREATE TABLE IF NOT EXISTS "params" (
"seed" INTEGER
);
INSERT INTO params VALUES(12345);
CREATE TABLE IF NOT EXISTS "sites" (
"site" TEXT,
  "lon" REAL,
  "lat" REAL
);
INSERT INTO sites VALUES('COT',-124.04519000000000517,48.821719999999997341);
INSERT INTO sites VALUES('YOU',-124.19700000000000184,48.872510000000000118);
INSERT INTO sites VALUES('HMB',-124.1755500000000012,48.81673000000000151);
INSERT INTO sites VALUES('GBY',-124.45930000000000603,48.920900000000004936);
CREATE TABLE IF NOT EXISTS "surveys" (
"label" INTEGER,
  "site" TEXT,
  "date" TEXT
);
INSERT INTO surveys VALUES(1748,'COT','2023-04-27');
INSERT INTO surveys VALUES(1749,'COT','2023-04-28');
INSERT INTO surveys VALUES(1755,'COT','2023-05-13');
INSERT INTO surveys VALUES(1781,'YOU','2023-05-01');
INSERT INTO surveys VALUES(1790,'HMB','2023-05-02');
INSERT INTO surveys VALUES(1803,'GBY','2023-05-08');
CREATE TABLE IF NOT EXISTS "samples" (
"label" INTEGER,
  "lon" REAL,
  "lat" REAL,
  "reading" REAL
);
INSERT INTO samples VALUES(1748,-124.0451830723227955,48.821712082044470548,106.89999999999999502);
INSERT INTO samples VALUES(1748,-124.04499595991438365,48.821602061462350263,81.699999999999999289);
INSERT INTO samples VALUES(1748,-124.04477503376529767,48.821996547521013809,57.400000000000002131);
INSERT INTO samples VALUES(1748,-124.04534861910396781,48.82141853965218381,73.499999999999996447);
INSERT INTO samples VALUES(1748,-124.04519498794186471,48.821586823275673339,89.100000000000001421);
INSERT INTO samples VALUES(1748,-124.04516312488222951,48.821708492191442374,91.699999999999999289);
INSERT INTO samples VALUES(1748,-124.0445730999488072,48.821035782489268228,12.0);
INSERT INTO samples VALUES(1748,-124.04448121439417551,48.821771308407972966,57.400000000000002131);
INSERT INTO samples VALUES(1748,-124.04548619636250883,48.821793378729436696,83.0);
INSERT INTO samples VALUES(1748,-124.04590607807723934,48.821879897198323661,38.700000000000001065);
INSERT INTO samples VALUES(1748,-124.04533928236367579,48.820863596696764119,3.7999999999999998223);
INSERT INTO samples VALUES(1748,-124.04524204177089785,48.821583084939543795,81.600000000000001421);
INSERT INTO samples VALUES(1748,-124.04529389964285002,48.821703153108906292,112.20000000000001083);
INSERT INTO samples VALUES(1748,-124.04450738302155166,48.821308534739502604,34.89999999999999769);
INSERT INTO samples VALUES(1748,-124.04486854309557664,48.822241464224145346,34.500000000000001776);
INSERT INTO samples VALUES(1748,-124.04457102795096723,48.820967265242405375,3.7000000000000001776);
INSERT INTO samples VALUES(1748,-124.0459086802002675,48.821561046874943912,40.700000000000002842);
INSERT INTO samples VALUES(1748,-124.04535354484333975,48.821265399505664461,48.0);
INSERT INTO samples VALUES(1748,-124.04586984913910097,48.821159649943925984,17.299999999999999822);
INSERT INTO samples VALUES(1748,-124.04459134343162052,48.821129268280873958,23.799999999999998934);
INSERT INTO samples VALUES(1748,-124.04399477031688991,48.821753398523615175,10.699999999999998401);
INSERT INTO samples VALUES(1748,-124.04504117523997841,48.821593675580592375,87.5);
INSERT INTO samples VALUES(1748,-124.04462725046698778,48.821722472226083411,61.500000000000003552);
INSERT INTO samples VALUES(1749,-124.0449311938528476,48.822097189159112673,46.500000000000003552);
INSERT INTO samples VALUES(1749,-124.04501446011177989,48.821756146968713352,95.199999999999995736);
INSERT INTO samples VALUES(1749,-124.04448274761292747,48.821592849802346592,50.80000000000000071);
INSERT INTO samples VALUES(1749,-124.04552774143171589,48.821789982933045948,72.5);
INSERT INTO samples VALUES(1749,-124.04527181195206253,48.821206635171199295,43.600000000000003197);
INSERT INTO samples VALUES(1749,-124.04449168436209038,48.821280290765978193,30.699999999999998401);
INSERT INTO samples VALUES(1749,-124.04507698020343919,48.821494316460221085,79.299999999999997157);
INSERT INTO samples VALUES(1749,-124.04515020820461312,48.821717494644643053,104.90000000000001545);
INSERT INTO samples VALUES(1749,-124.04520682074859916,48.821745179970399419,99.0);
INSERT INTO samples VALUES(1749,-124.04504063250065826,48.821589585630480456,60.299999999999993605);
INSERT INTO samples VALUES(1749,-124.0463287235510803,48.821602799044940823,13.800000000000001065);
INSERT INTO samples VALUES(1755,-124.04524382222925638,48.82172774761636802,90.700000000000002842);
INSERT INTO samples VALUES(1755,-124.04547820510203326,48.821806008636308149,76.400000000000005684);
INSERT INTO samples VALUES(1755,-124.04473152232431409,48.822069249620145825,53.200000000000002842);
INSERT INTO samples VALUES(1755,-124.04513961536447474,48.82170451016795809,84.400000000000012789);
INSERT INTO samples VALUES(1755,-124.04415822627765653,48.82116429491348164,1.6000000000000000888);
INSERT INTO samples VALUES(1755,-124.0447982728210885,48.82211772166977326,49.0);
INSERT INTO samples VALUES(1755,-124.04480817181839924,48.821321947292997123,51.0);
INSERT INTO samples VALUES(1755,-124.04534805830735866,48.821201581567601479,44.199999999999999289);
INSERT INTO samples VALUES(1755,-124.0451728935579867,48.821701012542906283,121.3999999999999968);
INSERT INTO samples VALUES(1755,-124.04430541775819385,48.821275501340464231,18.399999999999998578);
INSERT INTO samples VALUES(1755,-124.04418459861343837,48.82144146456242062,16.899999999999999467);
INSERT INTO samples VALUES(1755,-124.04513782165020874,48.821812553166665793,85.80000000000000071);
INSERT INTO samples VALUES(1755,-124.04480271560496262,48.822088993480514673,45.200000000000004618);
INSERT INTO samples VALUES(1755,-124.04419079408373072,48.821836780211569362,21.800000000000001598);
INSERT INTO samples VALUES(1755,-124.04383846375328648,48.82176662500544495,0.7);
INSERT INTO samples VALUES(1803,-124.4598144898881431,48.921630688087187621,26.699999999999999289);
INSERT INTO samples VALUES(1803,-124.45932240663422074,48.92091062749083008,70.90000000000000746);
INSERT INTO samples VALUES(1803,-124.46036398976529913,48.920979858833923969,38.100000000000001421);
INSERT INTO samples VALUES(1803,-124.45743434366294266,48.921010632872095058,1.7);
INSERT INTO samples VALUES(1803,-124.46047501036452409,48.920587950310023828,33.0);
INSERT INTO samples VALUES(1803,-124.46060960311502441,48.921660917757536779,7.9000000000000003552);
INSERT INTO samples VALUES(1803,-124.46003879308455974,48.920688980217210684,50.099999999999997868);
INSERT INTO samples VALUES(1803,-124.45827943905409807,48.920663950617893078,32.600000000000002309);
INSERT INTO samples VALUES(1790,-124.17565876346885467,48.817103832698016674,70.599999999999996092);
INSERT INTO samples VALUES(1790,-124.17644980575099911,48.816914773266812943,40.600000000000004973);
INSERT INTO samples VALUES(1790,-124.17534067436892808,48.817649263902271883,4.5);
INSERT INTO samples VALUES(1790,-124.17544528416670779,48.817117259889357683,48.700000000000001065);
INSERT INTO samples VALUES(1790,-124.17541178006294977,48.816729754857188794,111.49999999999999911);
INSERT INTO samples VALUES(1790,-124.17555908264739095,48.816714769514994998,117.19999999999999307);
INSERT INTO samples VALUES(1790,-124.17603002910908571,48.816800843448353575,46.100000000000003197);
INSERT INTO samples VALUES(1790,-124.17514859882532451,48.81663171735214135,62.599999999999997868);
INSERT INTO samples VALUES(1790,-124.17609769492663485,48.816565880623130624,77.0);
INSERT INTO samples VALUES(1790,-124.17634422832444229,48.816938974669437101,47.799999999999993605);
INSERT INTO samples VALUES(1790,-124.17573853984888998,48.817413078404356951,28.700000000000001065);
INSERT INTO samples VALUES(1790,-124.17678589578700076,48.816641006234835487,15.80000000000000071);
INSERT INTO samples VALUES(1790,-124.17524363381882146,48.816398796386772929,48.600000000000003197);
INSERT INTO samples VALUES(1790,-124.17641390790599142,48.816272262901874157,20.400000000000000355);
INSERT INTO samples VALUES(1790,-124.1757829397134083,48.816731067139631505,84.800000000000004263);
INSERT INTO samples VALUES(1790,-124.17588960780796547,48.81651201366468129,56.299999999999998934);
INSERT INTO samples VALUES(1790,-124.17595493042812293,48.816364556327886958,52.5);
INSERT INTO samples VALUES(1790,-124.17467774399117974,48.817224360600794952,21.100000000000003197);
INSERT INTO samples VALUES(1790,-124.17610705221102662,48.81591920555546693,12.099999999999999644);
INSERT INTO samples VALUES(1781,-124.19699315110168669,48.872495660023442809,96.600000000000001421);
INSERT INTO samples VALUES(1781,-124.19706756071129394,48.872810780349187353,70.0);
INSERT INTO samples VALUES(1781,-124.1980761378312259,48.872884890031329518,41.699999999999999289);
INSERT INTO samples VALUES(1781,-124.19678167789667266,48.87271495790391107,87.599999999999997868);
INSERT INTO samples VALUES(1781,-124.19725111816053431,48.872542546466748447,83.799999999999990052);
INSERT INTO samples VALUES(1781,-124.19828922058571141,48.871552607460087003,5.4000000000000003552);
INSERT INTO samples VALUES(1781,-124.1969597952552462,48.872498524779217632,72.799999999999993605);
INSERT INTO samples VALUES(1781,-124.19737460687991781,48.872310019435261096,74.900000000000002131);
INSERT INTO samples VALUES(1781,-124.19668823622211917,48.872678074428481664,43.0);
INSERT INTO samples VALUES(1781,-124.19704315838244745,48.8725668875789232,94.199999999999999289);
INSERT INTO samples VALUES(1781,-124.19734050436519456,48.873577374622501068,15.900000000000000355);
INSERT INTO samples VALUES(1781,-124.19669885862318903,48.873782208562897011,4.5);
COMMIT;
