kind,width,height,depth,num_filled,time
list,35,35,2,61,0.04842996597290039
list,35,35,2,111,0.07533526420593262
list,35,35,2,122,0.07938098907470703
list,35,35,2,67,0.04455900192260742
list,35,35,2,102,0.06689691543579102
list,35,35,2,127,0.0819239616394043
list,35,35,2,59,0.0388338565826416
list,35,35,2,27,0.01758289337158203
list,35,35,2,83,0.05426383018493652
list,35,35,2,108,0.07109618186950684
list,35,35,2,49,0.031759023666381836
list,35,35,2,61,0.04027509689331055
list,35,35,2,54,0.0348210334777832
list,35,35,2,144,0.09406208992004395
list,35,35,2,24,0.015318870544433594
list,35,35,2,74,0.049864768981933594
list,35,35,2,104,0.0675048828125
list,35,35,2,55,0.036093950271606445
list,35,35,2,25,0.016583919525146484
list,35,35,2,41,0.02700495719909668
list,35,35,2,93,0.06098604202270508
list,35,35,2,60,0.03914999961853027
list,35,35,2,59,0.039087772369384766
list,35,35,2,112,0.07323479652404785
list,35,35,2,36,0.023718833923339844
list,35,35,2,27,0.0181272029876709
list,35,35,2,48,0.03157615661621094
list,35,35,2,89,0.058190107345581055
list,35,35,2,43,0.027586698532104492
list,35,35,2,37,0.0248870849609375
list,35,35,2,29,0.018643856048583984
list,35,35,2,32,0.02151322364807129
list,35,35,2,57,0.03787517547607422
list,35,35,2,88,0.058203935623168945
list,35,35,2,91,0.05973315238952637
list,35,35,2,49,0.0316619873046875
list,35,35,2,57,0.03804278373718262
list,35,35,2,86,0.056832075119018555
list,35,35,2,33,0.02155280113220215
list,35,35,2,68,0.04462575912475586
list,35,35,2,67,0.04360198974609375
list,35,35,2,69,0.04617905616760254
list,35,35,2,78,0.05156302452087402
list,35,35,2,32,0.020456790924072266
list,35,35,2,181,0.1144568920135498
list,35,35,2,62,0.03961992263793945
list,35,35,2,44,0.02872490882873535
list,35,35,2,169,0.10475993156433105
list,35,35,2,175,0.11060976982116699
list,35,35,2,125,0.08155179023742676
list,35,35,10,114,0.07475113868713379
list,35,35,10,148,0.09584712982177734
list,35,35,10,90,0.05941891670227051
list,35,35,10,169,0.11768817901611328
list,35,35,10,82,0.053961992263793945
list,35,35,10,156,0.09935116767883301
list,35,35,10,146,0.09442687034606934
list,35,35,10,185,0.1200101375579834
list,35,35,10,101,0.06679201126098633
list,35,35,10,147,0.09468603134155273
list,35,35,10,72,0.04576587677001953
list,35,35,10,125,0.08169412612915039
list,35,35,10,104,0.06811904907226562
list,35,35,10,93,0.060626983642578125
list,35,35,10,127,0.0817570686340332
list,35,35,10,78,0.05171680450439453
list,35,35,10,75,0.04922318458557129
list,35,35,10,103,0.06730103492736816
list,35,35,10,75,0.04925799369812012
list,35,35,10,210,0.13184785842895508
list,35,35,10,183,0.1171882152557373
list,35,35,10,65,0.04257822036743164
list,35,35,10,112,0.0725858211517334
list,35,35,10,98,0.06449699401855469
list,35,35,10,160,0.10139703750610352
list,35,35,10,75,0.0494840145111084
list,35,35,10,165,0.10443615913391113
list,35,35,10,90,0.05918002128601074
list,35,35,10,90,0.05899190902709961
list,35,35,10,103,0.06779599189758301
list,35,35,10,105,0.0680382251739502
list,35,35,10,66,0.04297590255737305
list,35,35,10,91,0.0601191520690918
list,35,35,10,45,0.02993011474609375
list,35,35,10,103,0.06710410118103027
list,35,35,10,115,0.07571983337402344
list,35,35,10,64,0.04153609275817871
list,35,35,10,127,0.08293604850769043
list,35,35,10,98,0.06433987617492676
list,35,35,10,110,0.07126593589782715
list,35,35,10,208,0.13092899322509766
list,35,35,10,149,0.09719395637512207
list,35,35,10,78,0.05120205879211426
list,35,35,10,162,0.10471606254577637
list,35,35,10,75,0.04980731010437012
list,35,35,10,118,0.07736802101135254
list,35,35,10,90,0.059973955154418945
list,35,35,10,63,0.041040897369384766
list,35,35,10,136,0.08846712112426758
list,35,35,10,148,0.09532380104064941
list,35,35,100,138,0.08950209617614746
list,35,35,100,81,0.052864789962768555
list,35,35,100,79,0.05151104927062988
list,35,35,100,92,0.060236215591430664
list,35,35,100,88,0.058480262756347656
list,35,35,100,135,0.08732891082763672
list,35,35,100,246,0.15391302108764648
list,35,35,100,113,0.07384014129638672
list,35,35,100,65,0.04257464408874512
list,35,35,100,129,0.08387994766235352
list,35,35,100,131,0.0840139389038086
list,35,35,100,289,0.17645692825317383
list,35,35,100,104,0.06787824630737305
list,35,35,100,178,0.1148521900177002
list,35,35,100,290,0.17657208442687988
list,35,35,100,171,0.11062979698181152
list,35,35,100,148,0.10644888877868652
list,35,35,100,108,0.07064199447631836
list,35,35,100,130,0.08442997932434082
list,35,35,100,82,0.0535888671875
list,35,35,100,142,0.09208011627197266
list,35,35,100,87,0.05737709999084473
list,35,35,100,124,0.08037495613098145
list,35,35,100,142,0.09042906761169434
list,35,35,100,219,0.1370689868927002
list,35,35,100,138,0.08918094635009766
list,35,35,100,62,0.04037618637084961
list,35,35,100,52,0.03409910202026367
list,35,35,100,63,0.04215812683105469
list,35,35,100,130,0.08414697647094727
list,35,35,100,84,0.054264068603515625
list,35,35,100,121,0.07871627807617188
list,35,35,100,71,0.04642200469970703
list,35,35,100,136,0.08836793899536133
list,35,35,100,104,0.06792426109313965
list,35,35,100,161,0.10308504104614258
list,35,35,100,138,0.0867757797241211
list,35,35,100,76,0.04915809631347656
list,35,35,100,102,0.06792783737182617
list,35,35,100,179,0.11354398727416992
list,35,35,100,153,0.09873509407043457
list,35,35,100,145,0.09378981590270996
list,35,35,100,146,0.09373998641967773
list,35,35,100,161,0.1024160385131836
list,35,35,100,73,0.048197031021118164
list,35,35,100,133,0.08619904518127441
list,35,35,100,137,0.08928513526916504
list,35,35,100,163,0.10493087768554688
list,35,35,100,122,0.07976698875427246
list,35,35,100,151,0.09676289558410645
list,55,55,2,114,0.18387699127197266
list,55,55,2,82,0.13332891464233398
list,55,55,2,299,0.48391199111938477
list,55,55,2,84,0.13463211059570312
list,55,55,2,242,0.38760805130004883
list,55,55,2,274,0.43154406547546387
list,55,55,2,166,0.2665860652923584
list,55,55,2,74,0.11897706985473633
list,55,55,2,115,0.18790316581726074
list,55,55,2,59,0.09630775451660156
list,55,55,2,183,0.29030394554138184
list,55,55,2,202,0.31922197341918945
list,55,55,2,238,0.38106489181518555
list,55,55,2,147,0.23681402206420898
list,55,55,2,121,0.19451689720153809
list,55,55,2,97,0.15518593788146973
list,55,55,2,229,0.3631870746612549
list,55,55,2,143,0.22836923599243164
list,55,55,2,113,0.1822059154510498
list,55,55,2,100,0.15863609313964844
list,55,55,2,119,0.19450116157531738
list,55,55,2,119,0.18903589248657227
list,55,55,2,94,0.1509099006652832
list,55,55,2,166,0.2681770324707031
list,55,55,2,65,0.10576677322387695
list,55,55,2,132,0.21262788772583008
list,55,55,2,117,0.1911001205444336
list,55,55,2,154,0.24949026107788086
list,55,55,2,238,0.39118409156799316
list,55,55,2,84,0.13608980178833008
list,55,55,2,130,0.20405101776123047
list,55,55,2,68,0.12701916694641113
list,55,55,2,86,0.14017629623413086
list,55,55,2,79,0.12822580337524414
list,55,55,2,101,0.16521787643432617
list,55,55,2,147,0.23857879638671875
list,55,55,2,211,0.3332798480987549
list,55,55,2,149,0.2409529685974121
list,55,55,2,183,0.2847130298614502
list,55,55,2,215,0.34064698219299316
list,55,55,2,76,0.12412381172180176
list,55,55,2,211,0.3258528709411621
list,55,55,2,44,0.06873226165771484
list,55,55,2,95,0.15394926071166992
list,55,55,2,67,0.10960888862609863
list,55,55,2,112,0.17905211448669434
list,55,55,2,215,0.33994197845458984
list,55,55,2,132,0.2076249122619629
list,55,55,2,195,0.30487895011901855
list,55,55,2,158,0.25427818298339844
list,55,55,10,201,0.3241143226623535
list,55,55,10,89,0.1438908576965332
list,55,55,10,86,0.1383962631225586
list,55,55,10,159,0.2565462589263916
list,55,55,10,237,0.3904118537902832
list,55,55,10,303,0.4742319583892822
list,55,55,10,215,0.3348979949951172
list,55,55,10,229,0.3534982204437256
list,55,55,10,295,0.47075605392456055
list,55,55,10,176,0.2828507423400879
list,55,55,10,243,0.38451290130615234
list,55,55,10,454,0.7093219757080078
list,55,55,10,119,0.19256019592285156
list,55,55,10,151,0.23737502098083496
list,55,55,10,203,0.3313281536102295
list,55,55,10,233,0.39854001998901367
list,55,55,10,332,0.5583438873291016
list,55,55,10,229,0.37646007537841797
list,55,55,10,150,0.23952293395996094
list,55,55,10,138,0.22536182403564453
list,55,55,10,231,0.36807990074157715
list,55,55,10,160,0.25676703453063965
list,55,55,10,221,0.3536849021911621
list,55,55,10,219,0.3368411064147949
list,55,55,10,125,0.2022380828857422
list,55,55,10,226,0.3522820472717285
list,55,55,10,227,0.3555011749267578
list,55,55,10,266,0.4130740165710449
list,55,55,10,248,0.3941230773925781
list,55,55,10,198,0.3094639778137207
list,55,55,10,468,0.713421106338501
list,55,55,10,186,0.31502389907836914
list,55,55,10,182,0.2930319309234619
list,55,55,10,222,0.3486499786376953
list,55,55,10,308,0.48127007484436035
list,55,55,10,264,0.41626596450805664
list,55,55,10,271,0.42024993896484375
list,55,55,10,204,0.3145627975463867
list,55,55,10,172,0.27548813819885254
list,55,55,10,229,0.3608729839324951
list,55,55,10,173,0.2734560966491699
list,55,55,10,354,0.547095775604248
list,55,55,10,269,0.41597890853881836
list,55,55,10,199,0.3154008388519287
list,55,55,10,217,0.35329699516296387
list,55,55,10,211,0.3333780765533447
list,55,55,10,210,0.3346560001373291
list,55,55,10,83,0.13482284545898438
list,55,55,10,233,0.3710908889770508
list,55,55,10,327,0.5080471038818359
list,55,55,100,291,0.45929503440856934
list,55,55,100,167,0.2614598274230957
list,55,55,100,265,0.4202570915222168
list,55,55,100,174,0.27779626846313477
list,55,55,100,388,0.5870137214660645
list,55,55,100,257,0.40583109855651855
list,55,55,100,306,0.4754369258880615
list,55,55,100,144,0.23104000091552734
list,55,55,100,303,0.49664878845214844
list,55,55,100,207,0.3220641613006592
list,55,55,100,119,0.19086623191833496
list,55,55,100,372,0.565885066986084
list,55,55,100,380,0.5878453254699707
list,55,55,100,520,0.7813241481781006
list,55,55,100,249,0.3912367820739746
list,55,55,100,173,0.27869129180908203
list,55,55,100,121,0.19387078285217285
list,55,55,100,141,0.22708892822265625
list,55,55,100,446,0.6908071041107178
list,55,55,100,195,0.3138439655303955
list,55,55,100,206,0.3348066806793213
list,55,55,100,152,0.2433619499206543
list,55,55,100,155,0.25974130630493164
list,55,55,100,190,0.30998992919921875
list,55,55,100,211,0.33065199851989746
list,55,55,100,402,0.6164290904998779
list,55,55,100,270,0.5367460250854492
list,55,55,100,210,0.3626558780670166
list,55,55,100,176,0.2784578800201416
list,55,55,100,108,0.16981196403503418
list,55,55,100,296,0.4674508571624756
list,55,55,100,126,0.20764613151550293
list,55,55,100,312,0.49788904190063477
list,55,55,100,327,0.5247962474822998
list,55,55,100,490,0.7622289657592773
list,55,55,100,257,0.4026460647583008
list,55,55,100,634,0.9556889533996582
list,55,55,100,278,0.4604148864746094
list,55,55,100,188,0.3366661071777344
list,55,55,100,231,0.37082624435424805
list,55,55,100,505,0.8701560497283936
list,55,55,100,235,0.41135478019714355
list,55,55,100,192,0.34453320503234863
list,55,55,100,186,0.3065330982208252
list,55,55,100,223,0.3647420406341553
list,55,55,100,424,0.6647508144378662
list,55,55,100,147,0.23903894424438477
list,55,55,100,180,0.3171241283416748
list,55,55,100,185,0.3021581172943115
list,55,55,100,141,0.22778916358947754
list,75,75,2,172,0.5847969055175781
list,75,75,2,165,0.514354944229126
list,75,75,2,251,0.7640130519866943
list,75,75,2,323,0.9758090972900391
list,75,75,2,121,0.3697540760040283
list,75,75,2,84,0.25614213943481445
list,75,75,2,158,0.47860097885131836
list,75,75,2,128,0.39077305793762207
list,75,75,2,119,0.3597986698150635
list,75,75,2,395,1.186405897140503
list,75,75,2,148,0.4492490291595459
list,75,75,2,186,0.5673251152038574
list,75,75,2,283,0.8702778816223145
list,75,75,2,257,0.7770378589630127
list,75,75,2,183,0.5639081001281738
list,75,75,2,200,0.6042509078979492
list,75,75,2,212,0.6502008438110352
list,75,75,2,200,0.6043040752410889
list,75,75,2,192,0.5853257179260254
list,75,75,2,135,0.41364192962646484
list,75,75,2,256,0.7818892002105713
list,75,75,2,157,0.4764118194580078
list,75,75,2,274,0.8329310417175293
list,75,75,2,331,0.9850449562072754
list,75,75,2,244,0.7429139614105225
list,75,75,2,242,0.7337579727172852
list,75,75,2,511,1.5279247760772705
list,75,75,2,159,0.4839591979980469
list,75,75,2,146,0.4425637722015381
list,75,75,2,198,0.5949792861938477
list,75,75,2,216,0.7251408100128174
list,75,75,2,295,0.908257007598877
list,75,75,2,175,0.5460360050201416
list,75,75,2,184,0.561133861541748
list,75,75,2,123,0.38303518295288086
list,75,75,2,131,0.3978250026702881
list,75,75,2,222,0.6786742210388184
list,75,75,2,223,0.6802539825439453
list,75,75,2,208,0.6350610256195068
list,75,75,2,159,0.48343563079833984
list,75,75,2,216,0.6617279052734375
list,75,75,2,253,0.7757339477539062
list,75,75,2,200,0.6181778907775879
list,75,75,2,194,0.5851891040802002
list,75,75,2,230,0.6992189884185791
list,75,75,2,159,0.4796628952026367
list,75,75,2,224,0.6852269172668457
list,75,75,2,196,0.6044149398803711
list,75,75,2,229,0.6918339729309082
list,75,75,2,220,0.6664228439331055
list,75,75,10,264,0.8089840412139893
list,75,75,10,417,1.245940923690796
list,75,75,10,353,1.0705580711364746
list,75,75,10,244,0.7341220378875732
list,75,75,10,470,1.3989531993865967
list,75,75,10,709,2.083205223083496
list,75,75,10,212,0.640484094619751
list,75,75,10,238,0.7255017757415771
list,75,75,10,319,0.9705018997192383
list,75,75,10,1137,3.2568519115448
list,75,75,10,414,1.2524080276489258
list,75,75,10,173,0.5291697978973389
list,75,75,10,260,0.7911586761474609
list,75,75,10,271,0.8195698261260986
list,75,75,10,422,1.272623062133789
list,75,75,10,253,0.7679941654205322
list,75,75,10,317,0.9576511383056641
list,75,75,10,679,2.037938117980957
list,75,75,10,1009,2.954495906829834
list,75,75,10,291,0.8803000450134277
list,75,75,10,255,0.7898619174957275
list,75,75,10,300,0.9151830673217773
list,75,75,10,317,0.9782440662384033
list,75,75,10,327,0.9804072380065918
list,75,75,10,229,0.7011001110076904
list,75,75,10,354,1.0988132953643799
list,75,75,10,267,0.819586992263794
list,75,75,10,324,0.978029727935791
list,75,75,10,196,0.5952770709991455
list,75,75,10,332,0.9984829425811768
list,75,75,10,339,1.0228629112243652
list,75,75,10,295,0.8916761875152588
list,75,75,10,366,1.103705883026123
list,75,75,10,237,0.7189927101135254
list,75,75,10,378,1.1564998626708984
list,75,75,10,242,0.7594790458679199
list,75,75,10,330,1.0271492004394531
list,75,75,10,307,0.9163358211517334
list,75,75,10,451,1.3504290580749512
list,75,75,10,289,0.8726401329040527
list,75,75,10,767,2.2791481018066406
list,75,75,10,397,1.1882908344268799
list,75,75,10,344,1.0357611179351807
list,75,75,10,176,0.5251169204711914
list,75,75,10,330,1.001551866531372
list,75,75,10,270,0.8233001232147217
list,75,75,10,179,0.5459578037261963
list,75,75,10,180,0.544809103012085
list,75,75,10,266,0.810377836227417
list,75,75,10,231,0.7009170055389404
list,75,75,100,293,0.9040980339050293
list,75,75,100,641,1.8916089534759521
list,75,75,100,781,2.44482684135437
list,75,75,100,909,2.650426149368286
list,75,75,100,179,0.5689778327941895
list,75,75,100,933,3.007883071899414
list,75,75,100,874,3.075579881668091
list,75,75,100,306,1.2120931148529053
list,75,75,100,549,1.8585700988769531
list,75,75,100,314,0.9736390113830566
list,75,75,100,345,1.095458984375
list,75,75,100,530,1.590785026550293
list,75,75,100,602,1.862027883529663
list,75,75,100,468,1.4064669609069824
list,75,75,100,635,2.0743980407714844
list,75,75,100,201,0.8582749366760254
list,75,75,100,311,1.0237209796905518
list,75,75,100,317,1.0042617321014404
list,75,75,100,589,1.8564708232879639
list,75,75,100,713,2.171401023864746
list,75,75,100,624,2.039952039718628
list,75,75,100,394,1.2314329147338867
list,75,75,100,288,0.9130420684814453
list,75,75,100,375,1.1674079895019531
list,75,75,100,298,0.9358139038085938
list,75,75,100,560,1.7101690769195557
list,75,75,100,398,1.2580320835113525
list,75,75,100,485,1.4993069171905518
list,75,75,100,285,0.894322395324707
list,75,75,100,332,1.039795160293579
list,75,75,100,565,1.7530732154846191
list,75,75,100,518,1.5932948589324951
list,75,75,100,354,1.2014968395233154
list,75,75,100,472,1.6218760013580322
list,75,75,100,797,2.94856595993042
list,75,75,100,374,1.164795160293579
list,75,75,100,317,1.0068271160125732
list,75,75,100,273,0.8550219535827637
list,75,75,100,286,0.8994948863983154
list,75,75,100,476,1.4705228805541992
list,75,75,100,583,1.8143048286437988
list,75,75,100,386,1.1769278049468994
list,75,75,100,575,1.742940902709961
list,75,75,100,621,1.883284091949463
list,75,75,100,582,1.790802240371704
list,75,75,100,196,0.6137452125549316
list,75,75,100,214,0.6703441143035889
list,75,75,100,350,1.0823888778686523
list,75,75,100,570,1.7490918636322021
list,75,75,100,577,1.7703158855438232
list,95,95,2,225,1.1358740329742432
list,95,95,2,307,1.5380489826202393
list,95,95,2,162,0.8103020191192627
list,95,95,2,172,0.8537731170654297
list,95,95,2,329,1.653853178024292
list,95,95,2,336,1.67100191116333
list,95,95,2,340,1.7079198360443115
list,95,95,2,282,1.4161369800567627
list,95,95,2,319,1.5928399562835693
list,95,95,2,177,0.8808960914611816
list,95,95,2,528,2.6669859886169434
list,95,95,2,225,1.1808898448944092
list,95,95,2,301,1.5135419368743896
list,95,95,2,187,0.9236791133880615
list,95,95,2,208,1.048882246017456
list,95,95,2,217,1.0997939109802246
list,95,95,2,226,1.1379969120025635
list,95,95,2,263,1.3210911750793457
list,95,95,2,322,1.65574312210083
list,95,95,2,334,1.6573512554168701
list,95,95,2,325,1.6273179054260254
list,95,95,2,245,1.2231249809265137
list,95,95,2,196,0.9853839874267578
list,95,95,2,207,1.0423612594604492
list,95,95,2,386,1.9428889751434326
list,95,95,2,136,0.6745200157165527
list,95,95,2,236,1.198667049407959
list,95,95,2,226,1.1404900550842285
list,95,95,2,282,1.3980920314788818
list,95,95,2,287,1.418074131011963
list,95,95,2,195,0.9833102226257324
list,95,95,2,226,1.1399481296539307
list,95,95,2,338,1.6863491535186768
list,95,95,2,196,0.9823381900787354
list,95,95,2,239,1.200718879699707
list,95,95,2,121,0.6258740425109863
list,95,95,2,361,1.7764060497283936
list,95,95,2,343,1.6959941387176514
list,95,95,2,189,0.9580709934234619
list,95,95,2,302,1.6026160717010498
list,95,95,2,336,1.712510108947754
list,95,95,2,254,1.2582569122314453
list,95,95,2,282,1.3989651203155518
list,95,95,2,430,2.1572530269622803
list,95,95,2,261,1.2891178131103516
list,95,95,2,519,2.592571973800659
list,95,95,2,223,1.1097149848937988
list,95,95,2,181,0.904350996017456
list,95,95,2,217,1.0786769390106201
list,95,95,2,195,0.9920809268951416
list,95,95,10,563,2.7866733074188232
list,95,95,10,452,2.2512638568878174
list,95,95,10,234,1.162930965423584
list,95,95,10,261,1.2945756912231445
list,95,95,10,573,2.8382179737091064
list,95,95,10,626,3.1323421001434326
list,95,95,10,397,1.9612390995025635
list,95,95,10,662,3.2709288597106934
list,95,95,10,529,2.624330997467041
list,95,95,10,371,1.838536024093628
list,95,95,10,297,1.491746187210083
list,95,95,10,513,2.5479469299316406
list,95,95,10,406,2.000762701034546
list,95,95,10,828,4.008903980255127
list,95,95,10,411,2.0421957969665527
list,95,95,10,463,2.2736380100250244
list,95,95,10,617,3.131408929824829
list,95,95,10,747,3.7026638984680176
list,95,95,10,417,2.086452007293701
list,95,95,10,1099,5.36144495010376
list,95,95,10,959,4.687287092208862
list,95,95,10,720,3.493600606918335
list,95,95,10,829,4.355541944503784
list,95,95,10,417,2.066014051437378
list,95,95,10,408,2.020753860473633
list,95,95,10,439,2.172574996948242
list,95,95,10,732,3.6084320545196533
list,95,95,10,462,2.2849299907684326
list,95,95,10,800,3.9264252185821533
list,95,95,10,497,2.4640800952911377
list,95,95,10,166,0.8354098796844482
list,95,95,10,466,2.330811023712158
list,95,95,10,461,2.3045170307159424
list,95,95,10,411,2.058281898498535
list,95,95,10,435,2.151002883911133
list,95,95,10,530,2.643176794052124
list,95,95,10,778,3.8433170318603516
list,95,95,10,1709,8.076412916183472
list,95,95,10,634,3.10990309715271
list,95,95,10,1013,4.889665126800537
list,95,95,10,731,3.5888140201568604
list,95,95,10,392,1.929171085357666
list,95,95,10,789,3.8260457515716553
list,95,95,10,337,1.6873881816864014
list,95,95,10,793,3.8942689895629883
list,95,95,10,419,2.0694448947906494
list,95,95,10,580,2.9265711307525635
list,95,95,10,493,2.47609281539917
list,95,95,10,386,1.9257380962371826
list,95,95,10,788,3.8165550231933594
list,95,95,100,673,3.289108991622925
list,95,95,100,711,3.4486160278320312
list,95,95,100,1240,5.911442995071411
list,95,95,100,653,3.25996994972229
list,95,95,100,548,2.696726083755493
list,95,95,100,727,3.590484857559204
list,95,95,100,638,3.1783981323242188
list,95,95,100,1048,5.058395147323608
list,95,95,100,537,2.623198986053467
list,95,95,100,727,3.561030149459839
list,95,95,100,309,1.5529940128326416
list,95,95,100,523,2.6288371086120605
list,95,95,100,601,2.973461151123047
list,95,95,100,348,1.7353427410125732
list,95,95,100,646,3.1479291915893555
list,95,95,100,434,2.156376838684082
list,95,95,100,754,3.6908187866210938
list,95,95,100,726,3.5876212120056152
list,95,95,100,761,3.7279062271118164
list,95,95,100,1510,7.197680234909058
list,95,95,100,436,2.17081880569458
list,95,95,100,305,1.5338878631591797
list,95,95,100,948,4.668845176696777
list,95,95,100,1258,6.042150259017944
list,95,95,100,605,2.982757091522217
list,95,95,100,530,2.6315720081329346
list,95,95,100,928,4.546196937561035
list,95,95,100,860,4.1977698802948
list,95,95,100,757,3.709812879562378
list,95,95,100,868,4.2745890617370605
list,95,95,100,1116,5.418470859527588
list,95,95,100,745,3.621335983276367
list,95,95,100,1500,7.14002799987793
list,95,95,100,613,3.107072114944458
list,95,95,100,345,1.7308437824249268
list,95,95,100,346,1.7261629104614258
list,95,95,100,489,2.444474220275879
list,95,95,100,1168,5.6342620849609375
list,95,95,100,467,2.2886221408843994
list,95,95,100,1032,5.022501230239868
list,95,95,100,417,2.0578389167785645
list,95,95,100,522,2.575756072998047
list,95,95,100,533,2.630044937133789
list,95,95,100,549,2.6750080585479736
list,95,95,100,642,3.1279711723327637
list,95,95,100,609,2.973944902420044
list,95,95,100,766,3.79042387008667
list,95,95,100,927,4.588136911392212
list,95,95,100,840,4.129777908325195
list,95,95,100,616,3.0803239345550537
list,115,115,2,299,2.2039809226989746
list,115,115,2,297,2.23966908454895
list,115,115,2,351,2.7441468238830566
list,115,115,2,225,1.6342909336090088
list,115,115,2,195,1.44197416305542
list,115,115,2,351,2.564984083175659
list,115,115,2,429,3.4506523609161377
list,115,115,2,295,2.157519817352295
list,115,115,2,274,1.9830729961395264
list,115,115,2,390,2.7398271560668945
list,115,115,2,477,3.540450096130371
list,115,115,2,289,2.1275928020477295
list,115,115,2,282,2.1199779510498047
list,115,115,2,258,1.9483110904693604
list,115,115,2,220,1.6091699600219727
list,115,115,2,273,1.9875738620758057
list,115,115,2,274,2.0219428539276123
list,115,115,2,310,2.3195090293884277
list,115,115,2,202,1.482008695602417
list,115,115,2,305,2.232527732849121
list,115,115,2,363,2.6533539295196533
list,115,115,2,497,3.727588176727295
list,115,115,2,283,2.0799357891082764
list,115,115,2,319,2.3540921211242676
list,115,115,2,220,1.6245009899139404
list,115,115,2,439,3.1640310287475586
list,115,115,2,306,2.245112180709839
list,115,115,2,255,1.8624398708343506
list,115,115,2,261,1.9189610481262207
list,115,115,2,273,2.0088210105895996
list,115,115,2,342,2.5040886402130127
list,115,115,2,494,3.585753917694092
list,115,115,2,242,1.8036649227142334
list,115,115,2,256,1.8677902221679688
list,115,115,2,275,2.0254170894622803
list,115,115,2,291,2.1460328102111816
list,115,115,2,493,3.581328868865967
list,115,115,2,219,1.60166597366333
list,115,115,2,299,2.2175281047821045
list,115,115,2,283,2.0750601291656494
list,115,115,2,226,1.6477839946746826
list,115,115,2,325,2.3932900428771973
list,115,115,2,443,3.2347917556762695
list,115,115,2,249,1.8155360221862793
list,115,115,2,373,2.7065207958221436
list,115,115,2,320,2.372926950454712
list,115,115,2,338,2.4569220542907715
list,115,115,2,377,2.806436061859131
list,115,115,2,427,3.135606050491333
list,115,115,2,286,2.3409290313720703
list,115,115,10,787,5.9139416217803955
list,115,115,10,719,5.265136957168579
list,115,115,10,780,5.760524034500122
list,115,115,10,390,2.8784677982330322
list,115,115,10,359,2.609571933746338
list,115,115,10,432,3.1295008659362793
list,115,115,10,646,4.6916282176971436
list,115,115,10,730,5.289436101913452
list,115,115,10,603,4.388193130493164
list,115,115,10,432,3.1390271186828613
list,115,115,10,505,3.696074962615967
list,115,115,10,948,6.8519606590271
list,115,115,10,619,4.523823022842407
list,115,115,10,367,2.7125298976898193
list,115,115,10,373,2.73549485206604
list,115,115,10,644,4.673341989517212
list,115,115,10,511,3.7197229862213135
list,115,115,10,520,3.7777140140533447
list,115,115,10,457,3.3617029190063477
list,115,115,10,761,5.515161991119385
list,115,115,10,446,3.2545900344848633
list,115,115,10,611,4.433169841766357
list,115,115,10,726,5.278017044067383
list,115,115,10,2748,18.65951418876648
list,115,115,10,650,4.682491302490234
list,115,115,10,609,4.476069927215576
list,115,115,10,350,2.5742030143737793
list,115,115,10,591,4.317123651504517
list,115,115,10,627,4.644972085952759
list,115,115,10,745,5.468979835510254
list,115,115,10,460,3.385066032409668
list,115,115,10,1225,8.794638872146606
list,115,115,10,766,5.560474872589111
list,115,115,10,394,2.847443103790283
list,115,115,10,651,4.743246793746948
list,115,115,10,387,2.852083921432495
list,115,115,10,833,6.038650989532471
list,115,115,10,446,3.275784969329834
list,115,115,10,574,4.221471071243286
list,115,115,10,627,4.633295059204102
list,115,115,10,520,3.796957015991211
list,115,115,10,242,1.7863738536834717
list,115,115,10,304,2.2325079441070557
list,115,115,10,676,4.925089120864868
list,115,115,10,388,2.836965799331665
list,115,115,10,671,4.842061996459961
list,115,115,10,383,2.7833850383758545
list,115,115,10,967,7.004012823104858
list,115,115,10,785,5.72579288482666
list,115,115,10,1266,9.072447061538696
list,115,115,100,1190,8.518728256225586
list,115,115,100,1129,8.132878065109253
list,115,115,100,730,5.2858357429504395
list,115,115,100,1972,13.82745099067688
list,115,115,100,639,4.650397062301636
list,115,115,100,588,4.231910943984985
list,115,115,100,2078,14.289805173873901
list,115,115,100,903,6.504405975341797
list,115,115,100,2074,14.46818995475769
list,115,115,100,1256,8.929423093795776
list,115,115,100,945,6.867539882659912
list,115,115,100,902,7.136636257171631
list,115,115,100,630,4.803105115890503
list,115,115,100,1104,8.462890863418579
list,115,115,100,844,6.358366012573242
list,115,115,100,923,6.747797012329102
list,115,115,100,1148,8.31998896598816
list,115,115,100,963,7.142470836639404
list,115,115,100,558,4.197149991989136
list,115,115,100,1479,10.656625986099243
list,115,115,100,2252,16.0513973236084
list,115,115,100,1724,12.389444828033447
list,115,115,100,702,5.286900997161865
list,115,115,100,730,5.340289115905762
list,115,115,100,963,7.187317132949829
list,115,115,100,1054,7.838425874710083
list,115,115,100,999,7.32189416885376
list,115,115,100,770,5.835070848464966
list,115,115,100,617,4.61271595954895
list,115,115,100,1314,9.587147951126099
list,115,115,100,1107,8.15919017791748
list,115,115,100,836,6.1916069984436035
list,115,115,100,1006,7.460130929946899
list,115,115,100,728,5.483216285705566
list,115,115,100,1909,13.788172006607056
list,115,115,100,1265,9.277395248413086
list,115,115,100,1063,7.767395734786987
list,115,115,100,765,5.6853110790252686
list,115,115,100,846,6.2980780601501465
list,115,115,100,1669,12.056946992874146
list,115,115,100,1472,10.752164125442505
list,115,115,100,785,5.883582353591919
list,115,115,100,1166,8.547808170318604
list,115,115,100,1807,13.005146980285645
list,115,115,100,1685,12.2495858669281
list,115,115,100,1581,11.435861825942993
list,115,115,100,879,6.586272954940796
list,115,115,100,608,4.612389802932739
list,115,115,100,1480,10.7969810962677
list,115,115,100,859,6.422978162765503
array,35,35,2,42,0.06993913650512695
array,35,35,2,147,0.22437715530395508
array,35,35,2,36,0.0605318546295166
array,35,35,2,62,0.09918808937072754
array,35,35,2,40,0.06490278244018555
array,35,35,2,48,0.07564496994018555
array,35,35,2,73,0.11281895637512207
array,35,35,2,51,0.07935285568237305
array,35,35,2,101,0.17603111267089844
array,35,35,2,34,0.05614304542541504
array,35,35,2,170,0.26239490509033203
array,35,35,2,67,0.10790300369262695
array,35,35,2,86,0.1377549171447754
array,35,35,2,75,0.12498211860656738
array,35,35,2,45,0.07633113861083984
array,35,35,2,48,0.07590198516845703
array,35,35,2,60,0.09326410293579102
array,35,35,2,77,0.1195979118347168
array,35,35,2,73,0.11272501945495605
array,35,35,2,52,0.0808713436126709
array,35,35,2,80,0.12328791618347168
array,35,35,2,94,0.14902496337890625
array,35,35,2,55,0.09205293655395508
array,35,35,2,83,0.13485002517700195
array,35,35,2,69,0.11047816276550293
array,35,35,2,223,0.3505411148071289
array,35,35,2,137,0.21170616149902344
array,35,35,2,66,0.10534000396728516
array,35,35,2,46,0.0755007266998291
array,35,35,2,75,0.13541102409362793
array,35,35,2,51,0.0883340835571289
array,35,35,2,81,0.13343310356140137
array,35,35,2,75,0.1207740306854248
array,35,35,2,59,0.09421300888061523
array,35,35,2,36,0.0588531494140625
array,35,35,2,86,0.13848495483398438
array,35,35,2,58,0.08945107460021973
array,35,35,2,27,0.07285881042480469
array,35,35,2,156,0.2932567596435547
array,35,35,2,36,0.06766915321350098
array,35,35,2,37,0.06728005409240723
array,35,35,2,144,0.24498987197875977
array,35,35,2,139,0.22627830505371094
array,35,35,2,115,0.21580195426940918
array,35,35,2,80,0.13132071495056152
array,35,35,2,83,0.13442516326904297
array,35,35,2,95,0.1595168113708496
array,35,35,2,142,0.23080921173095703
array,35,35,2,31,0.05350995063781738
array,35,35,2,34,0.05582618713378906
array,35,35,10,85,0.1437690258026123
array,35,35,10,109,0.17801594734191895
array,35,35,10,76,0.12482690811157227
array,35,35,10,83,0.13418006896972656
array,35,35,10,112,0.1754906177520752
array,35,35,10,153,0.23725199699401855
array,35,35,10,64,0.11281609535217285
array,35,35,10,139,0.21816301345825195
array,35,35,10,107,0.16765403747558594
array,35,35,10,89,0.1365199089050293
array,35,35,10,81,0.12452292442321777
array,35,35,10,142,0.22323322296142578
array,35,35,10,57,0.09339523315429688
array,35,35,10,256,0.3924579620361328
array,35,35,10,197,0.31487393379211426
array,35,35,10,65,0.10795211791992188
array,35,35,10,114,0.1832587718963623
array,35,35,10,95,0.1542520523071289
array,35,35,10,132,0.22290992736816406
array,35,35,10,46,0.08008313179016113
array,35,35,10,119,0.20282220840454102
array,35,35,10,111,0.18236494064331055
array,35,35,10,90,0.14043307304382324
array,35,35,10,80,0.14725995063781738
array,35,35,10,84,0.14124798774719238
array,35,35,10,217,0.37119317054748535
array,35,35,10,92,0.16287517547607422
array,35,35,10,160,0.26528215408325195
array,35,35,10,54,0.08631491661071777
array,35,35,10,86,0.14142894744873047
array,35,35,10,134,0.20922422409057617
array,35,35,10,120,0.1871809959411621
array,35,35,10,102,0.16210722923278809
array,35,35,10,132,0.21506476402282715
array,35,35,10,126,0.20029902458190918
array,35,35,10,81,0.1419978141784668
array,35,35,10,105,0.1655278205871582
array,35,35,10,91,0.14186596870422363
array,35,35,10,80,0.12418198585510254
array,35,35,10,100,0.16376900672912598
array,35,35,10,88,0.13765406608581543
array,35,35,10,65,0.1007680892944336
array,35,35,10,187,0.2851297855377197
array,35,35,10,148,0.2230541706085205
array,35,35,10,49,0.07906007766723633
array,35,35,10,103,0.16087603569030762
array,35,35,10,128,0.2083911895751953
array,35,35,10,137,0.2094719409942627
array,35,35,10,183,0.27315592765808105
array,35,35,10,120,0.1826322078704834
array,35,35,100,100,0.1637420654296875
array,35,35,100,105,0.1608729362487793
array,35,35,100,74,0.1296379566192627
array,35,35,100,61,0.09991312026977539
array,35,35,100,95,0.14726495742797852
array,35,35,100,80,0.1280536651611328
array,35,35,100,52,0.08182501792907715
array,35,35,100,83,0.13278722763061523
array,35,35,100,105,0.16659092903137207
array,35,35,100,66,0.10532832145690918
array,35,35,100,110,0.1781771183013916
array,35,35,100,68,0.11317896842956543
array,35,35,100,94,0.14764904975891113
array,35,35,100,123,0.19536280632019043
array,35,35,100,163,0.24841594696044922
array,35,35,100,86,0.13280820846557617
array,35,35,100,91,0.14124178886413574
array,35,35,100,134,0.21631908416748047
array,35,35,100,116,0.18656206130981445
array,35,35,100,155,0.24915385246276855
array,35,35,100,54,0.0845649242401123
array,35,35,100,205,0.31123995780944824
array,35,35,100,53,0.09444499015808105
array,35,35,100,106,0.1832137107849121
array,35,35,100,94,0.15371108055114746
array,35,35,100,89,0.14529800415039062
array,35,35,100,90,0.14694714546203613
array,35,35,100,95,0.14947986602783203
array,35,35,100,171,0.25754499435424805
array,35,35,100,162,0.2596561908721924
array,35,35,100,177,0.29414868354797363
array,35,35,100,141,0.22651195526123047
array,35,35,100,151,0.23113799095153809
array,35,35,100,151,0.22850513458251953
array,35,35,100,108,0.16513991355895996
array,35,35,100,94,0.15232515335083008
array,35,35,100,122,0.19252824783325195
array,35,35,100,65,0.10555529594421387
array,35,35,100,48,0.07674598693847656
array,35,35,100,101,0.16153287887573242
array,35,35,100,75,0.11925101280212402
array,35,35,100,87,0.13942193984985352
array,35,35,100,61,0.09444618225097656
array,35,35,100,94,0.14433884620666504
array,35,35,100,107,0.16343021392822266
array,35,35,100,86,0.13224101066589355
array,35,35,100,170,0.25429821014404297
array,35,35,100,56,0.0861961841583252
array,35,35,100,90,0.13774800300598145
array,35,35,100,145,0.2192997932434082
array,55,55,2,142,0.546314001083374
array,55,55,2,103,0.42368316650390625
array,55,55,2,143,0.5700440406799316
array,55,55,2,206,0.8586688041687012
array,55,55,2,49,0.1995229721069336
array,55,55,2,128,0.5063481330871582
array,55,55,2,169,0.6836659908294678
array,55,55,2,212,0.8212788105010986
array,55,55,2,145,0.5920560359954834
array,55,55,2,159,0.6535732746124268
array,55,55,2,214,0.8645241260528564
array,55,55,2,76,0.3207571506500244
array,55,55,2,88,0.3563659191131592
array,55,55,2,162,0.6362156867980957
array,55,55,2,58,0.22567510604858398
array,55,55,2,117,0.4549276828765869
array,55,55,2,147,0.5968189239501953
array,55,55,2,131,0.5232110023498535
array,55,55,2,77,0.3034958839416504
array,55,55,2,123,0.5052258968353271
array,55,55,2,96,0.41429781913757324
array,55,55,2,121,0.482022762298584
array,55,55,2,282,1.129080057144165
array,55,55,2,116,0.45981693267822266
array,55,55,2,137,0.5421180725097656
array,55,55,2,115,0.4456648826599121
array,55,55,2,64,0.2483839988708496
array,55,55,2,117,0.4678661823272705
array,55,55,2,143,0.5676448345184326
array,55,55,2,83,0.32677698135375977
array,55,55,2,152,0.6280431747436523
array,55,55,2,91,0.37135910987854004
array,55,55,2,192,0.7752420902252197
array,55,55,2,71,0.28757286071777344
array,55,55,2,114,0.4600560665130615
array,55,55,2,68,0.2765641212463379
array,55,55,2,73,0.28598594665527344
array,55,55,2,148,0.5881259441375732
array,55,55,2,54,0.2115340232849121
array,55,55,2,152,0.5908300876617432
array,55,55,2,154,0.5942761898040771
array,55,55,2,144,0.5637617111206055
array,55,55,2,240,0.9818060398101807
array,55,55,2,218,0.8534572124481201
array,55,55,2,153,0.6198570728302002
array,55,55,2,174,0.6764800548553467
array,55,55,2,175,0.6861648559570312
array,55,55,2,138,0.5572109222412109
array,55,55,2,98,0.40065693855285645
array,55,55,2,119,0.4689950942993164
array,55,55,10,117,0.48006677627563477
array,55,55,10,156,0.6201410293579102
array,55,55,10,181,0.7313752174377441
array,55,55,10,185,0.7386701107025146
array,55,55,10,220,0.8481228351593018
array,55,55,10,114,0.45517992973327637
array,55,55,10,254,1.0077719688415527
array,55,55,10,99,0.41794419288635254
array,55,55,10,302,1.1650831699371338
array,55,55,10,109,0.43114495277404785
array,55,55,10,371,1.427900791168213
array,55,55,10,124,0.5074868202209473
array,55,55,10,217,0.8532800674438477
array,55,55,10,163,0.6388919353485107
array,55,55,10,385,1.4448440074920654
array,55,55,10,194,0.741663932800293
array,55,55,10,153,0.5889999866485596
array,55,55,10,110,0.4255828857421875
array,55,55,10,187,0.737581729888916
array,55,55,10,472,1.779116153717041
array,55,55,10,165,0.656318187713623
array,55,55,10,354,1.3879022598266602
array,55,55,10,278,1.0980148315429688
array,55,55,10,152,0.6061019897460938
array,55,55,10,191,0.7952210903167725
array,55,55,10,227,0.9099400043487549
array,55,55,10,147,0.5942809581756592
array,55,55,10,158,0.6173446178436279
array,55,55,10,173,0.6911008358001709
array,55,55,10,333,1.2671818733215332
array,55,55,10,170,0.6676099300384521
array,55,55,10,128,0.49458980560302734
array,55,55,10,206,0.8151280879974365
array,55,55,10,200,0.7950839996337891
array,55,55,10,172,0.6867368221282959
array,55,55,10,299,1.1547651290893555
array,55,55,10,344,1.3520212173461914
array,55,55,10,95,0.3844583034515381
array,55,55,10,196,0.7823958396911621
array,55,55,10,130,0.5131418704986572
array,55,55,10,128,0.5066299438476562
array,55,55,10,132,0.5348248481750488
array,55,55,10,286,1.116663932800293
array,55,55,10,249,1.0089221000671387
array,55,55,10,265,1.047942876815796
array,55,55,10,129,0.5213348865509033
array,55,55,10,255,1.0118272304534912
array,55,55,10,177,0.7169461250305176
array,55,55,10,309,1.2149279117584229
array,55,55,10,213,0.8624310493469238
array,55,55,100,177,0.7326250076293945
array,55,55,100,235,0.9425029754638672
array,55,55,100,418,1.6164228916168213
array,55,55,100,183,0.7363181114196777
array,55,55,100,272,1.052473783493042
array,55,55,100,350,1.3950600624084473
array,55,55,100,310,1.2185752391815186
array,55,55,100,254,1.019935131072998
array,55,55,100,328,1.3063130378723145
array,55,55,100,162,0.6468899250030518
array,55,55,100,162,0.6373312473297119
array,55,55,100,310,1.2178728580474854
array,55,55,100,452,1.7716343402862549
array,55,55,100,364,1.4358880519866943
array,55,55,100,191,0.8106479644775391
array,55,55,100,294,1.1498565673828125
array,55,55,100,447,1.7152011394500732
array,55,55,100,389,1.5077722072601318
array,55,55,100,301,1.2017881870269775
array,55,55,100,150,0.5970869064331055
array,55,55,100,165,0.6464099884033203
array,55,55,100,327,1.2864768505096436
array,55,55,100,296,1.18430495262146
array,55,55,100,131,0.522874116897583
array,55,55,100,475,1.8577020168304443
array,55,55,100,272,1.0991551876068115
array,55,55,100,136,0.5303351879119873
array,55,55,100,212,0.8898360729217529
array,55,55,100,128,0.5116660594940186
array,55,55,100,222,0.8810739517211914
array,55,55,100,588,2.3502919673919678
array,55,55,100,298,1.1781110763549805
array,55,55,100,290,1.1445918083190918
array,55,55,100,366,1.4884018898010254
array,55,55,100,129,0.5101828575134277
array,55,55,100,116,0.48135805130004883
array,55,55,100,331,1.3221149444580078
array,55,55,100,193,0.7657301425933838
array,55,55,100,124,0.5140471458435059
array,55,55,100,238,0.9312789440155029
array,55,55,100,154,0.6104400157928467
array,55,55,100,146,0.5737659931182861
array,55,55,100,466,1.8142518997192383
array,55,55,100,207,0.817328929901123
array,55,55,100,259,1.016524076461792
array,55,55,100,174,0.7294988632202148
array,55,55,100,287,1.132338285446167
array,55,55,100,161,0.6482470035552979
array,55,55,100,236,0.908282995223999
array,55,55,100,218,0.8631210327148438
array,75,75,2,224,1.6875770092010498
array,75,75,2,115,0.8713490962982178
array,75,75,2,220,1.6745109558105469
array,75,75,2,117,0.8866491317749023
array,75,75,2,232,1.7644431591033936
array,75,75,2,193,1.4767351150512695
array,75,75,2,181,1.378180742263794
array,75,75,2,107,0.8033499717712402
array,75,75,2,245,1.8453118801116943
array,75,75,2,141,1.0283558368682861
array,75,75,2,323,2.406935930252075
array,75,75,2,330,2.505293130874634
array,75,75,2,319,2.408169984817505
array,75,75,2,254,1.9242498874664307
array,75,75,2,246,1.9086310863494873
array,75,75,2,248,1.9081637859344482
array,75,75,2,203,1.5198211669921875
array,75,75,2,175,1.2877287864685059
array,75,75,2,387,2.9064390659332275
array,75,75,2,132,1.0392580032348633
array,75,75,2,218,1.6667630672454834
array,75,75,2,475,3.536121129989624
array,75,75,2,242,1.808427095413208
array,75,75,2,168,1.2636501789093018
array,75,75,2,167,1.260265827178955
array,75,75,2,199,1.536167860031128
array,75,75,2,190,1.4505951404571533
array,75,75,2,163,1.2170140743255615
array,75,75,2,159,1.1915490627288818
array,75,75,2,502,3.6449079513549805
array,75,75,2,106,0.8019719123840332
array,75,75,2,238,1.8009610176086426
array,75,75,2,274,1.9983808994293213
array,75,75,2,200,1.4660909175872803
array,75,75,2,231,1.7415800094604492
array,75,75,2,171,1.2922539710998535
array,75,75,2,237,1.7907609939575195
array,75,75,2,132,0.982205867767334
array,75,75,2,126,0.930401086807251
array,75,75,2,313,2.358743190765381
array,75,75,2,230,1.728790044784546
array,75,75,2,292,2.2186906337738037
array,75,75,2,187,1.427149772644043
array,75,75,2,246,1.8740589618682861
array,75,75,2,125,0.9406619071960449
array,75,75,2,133,1.0202820301055908
array,75,75,2,96,0.7090799808502197
array,75,75,2,295,2.2392430305480957
array,75,75,2,274,2.090059995651245
array,75,75,2,261,1.9788548946380615
array,75,75,10,540,3.9920711517333984
array,75,75,10,280,2.0926148891448975
array,75,75,10,564,4.170602798461914
array,75,75,10,322,2.404773235321045
array,75,75,10,460,3.424154758453369
array,75,75,10,311,2.3611159324645996
array,75,75,10,394,2.932529926300049
array,75,75,10,536,3.977625846862793
array,75,75,10,397,2.962941884994507
array,75,75,10,225,1.6946320533752441
array,75,75,10,724,5.160043954849243
array,75,75,10,189,1.3854317665100098
array,75,75,10,378,2.832209825515747
array,75,75,10,412,3.0306999683380127
array,75,75,10,255,1.8953800201416016
array,75,75,10,172,1.301501989364624
array,75,75,10,825,5.999269247055054
array,75,75,10,185,1.375087022781372
array,75,75,10,241,1.7858989238739014
array,75,75,10,307,2.281134843826294
array,75,75,10,355,2.7091219425201416
array,75,75,10,237,1.7243058681488037
array,75,75,10,490,3.5240120887756348
array,75,75,10,261,1.9069769382476807
array,75,75,10,393,2.8428590297698975
array,75,75,10,183,1.3436439037322998
array,75,75,10,317,2.3172199726104736
array,75,75,10,170,1.269324779510498
array,75,75,10,405,2.9997200965881348
array,75,75,10,638,4.62762975692749
array,75,75,10,704,4.984872817993164
array,75,75,10,477,3.432831287384033
array,75,75,10,268,1.9604511260986328
array,75,75,10,509,3.6892879009246826
array,75,75,10,385,2.797214984893799
array,75,75,10,379,2.7499449253082275
array,75,75,10,399,2.8649091720581055
array,75,75,10,376,2.7244279384613037
array,75,75,10,292,2.1719608306884766
array,75,75,10,125,0.9104080200195312
array,75,75,10,344,2.471845865249634
array,75,75,10,375,2.715785026550293
array,75,75,10,635,4.5193891525268555
array,75,75,10,311,2.2696518898010254
array,75,75,10,310,2.2492258548736572
array,75,75,10,284,2.0403287410736084
array,75,75,10,216,1.559025764465332
array,75,75,10,233,1.7000420093536377
array,75,75,10,456,3.2922780513763428
array,75,75,10,384,2.7562460899353027
array,75,75,100,506,3.638667106628418
array,75,75,100,415,2.997976064682007
array,75,75,100,714,5.047477960586548
array,75,75,100,190,1.4059760570526123
array,75,75,100,635,4.5758349895477295
array,75,75,100,698,5.012744903564453
array,75,75,100,522,3.769740104675293
array,75,75,100,779,5.548305988311768
array,75,75,100,833,5.836869239807129
array,75,75,100,553,3.996946096420288
array,75,75,100,333,2.521674156188965
array,75,75,100,205,1.5616891384124756
array,75,75,100,575,4.37862491607666
array,75,75,100,295,2.1489038467407227
array,75,75,100,261,1.8809571266174316
array,75,75,100,615,4.337017059326172
array,75,75,100,616,4.297678709030151
array,75,75,100,189,1.3499641418457031
array,75,75,100,585,4.315248012542725
array,75,75,100,389,2.800518751144409
array,75,75,100,548,3.923145055770874
array,75,75,100,412,2.9825239181518555
array,75,75,100,438,3.1967220306396484
array,75,75,100,326,2.3661580085754395
array,75,75,100,411,2.9562480449676514
array,75,75,100,611,4.363536834716797
array,75,75,100,408,2.97487211227417
array,75,75,100,262,1.8972928524017334
array,75,75,100,243,1.7961809635162354
array,75,75,100,530,3.8010098934173584
array,75,75,100,285,2.099283218383789
array,75,75,100,596,4.324382781982422
array,75,75,100,346,2.5271060466766357
array,75,75,100,630,4.472181081771851
array,75,75,100,649,4.585907936096191
array,75,75,100,152,1.1081018447875977
array,75,75,100,285,2.2493019104003906
array,75,75,100,489,3.7731399536132812
array,75,75,100,328,2.585810899734497
array,75,75,100,677,4.934443950653076
array,75,75,100,267,2.0118558406829834
array,75,75,100,335,2.512228012084961
array,75,75,100,630,4.665482044219971
array,75,75,100,444,3.3084030151367188
array,75,75,100,781,5.710590839385986
array,75,75,100,423,3.1674602031707764
array,75,75,100,314,2.332742929458618
array,75,75,100,357,2.63339900970459
array,75,75,100,518,3.8563199043273926
array,75,75,100,492,3.7260749340057373
array,95,95,2,142,1.6925880908966064
array,95,95,2,358,4.272936105728149
array,95,95,2,329,4.0336596965789795
array,95,95,2,133,1.6256461143493652
array,95,95,2,247,3.0546770095825195
array,95,95,2,148,1.7722277641296387
array,95,95,2,171,2.076572895050049
array,95,95,2,358,4.289577007293701
array,95,95,2,141,1.6773960590362549
array,95,95,2,336,3.9914839267730713
array,95,95,2,306,3.704641819000244
array,95,95,2,433,5.262815237045288
array,95,95,2,148,1.8337490558624268
array,95,95,2,166,2.00073504447937
array,95,95,2,148,1.8129119873046875
array,95,95,2,268,3.2116799354553223
array,95,95,2,175,2.1463589668273926
array,95,95,2,190,2.241335153579712
array,95,95,2,347,4.246370077133179
array,95,95,2,295,3.6022000312805176
array,95,95,2,256,3.061828136444092
array,95,95,2,177,2.1951847076416016
array,95,95,2,265,3.140537977218628
array,95,95,2,220,2.635110855102539
array,95,95,2,376,4.5643229484558105
array,95,95,2,340,4.173524856567383
array,95,95,2,129,1.6067898273468018
array,95,95,2,122,1.5066478252410889
array,95,95,2,436,5.236697196960449
array,95,95,2,253,3.0775506496429443
array,95,95,2,196,2.310222864151001
array,95,95,2,209,2.543137788772583
array,95,95,2,167,2.040505886077881
array,95,95,2,247,3.011047840118408
array,95,95,2,374,4.6049768924713135
array,95,95,2,240,2.917714834213257
array,95,95,2,211,2.58320689201355
array,95,95,2,243,2.9313838481903076
array,95,95,2,267,3.277053117752075
array,95,95,2,196,2.390424966812134
array,95,95,2,214,2.575572967529297
array,95,95,2,234,2.853588819503784
array,95,95,2,209,2.525399923324585
array,95,95,2,318,3.879512071609497
array,95,95,2,126,1.5504419803619385
array,95,95,2,247,2.960222005844116
array,95,95,2,339,3.9870431423187256
array,95,95,2,147,1.7251472473144531
array,95,95,2,296,3.4661519527435303
array,95,95,2,300,3.5186610221862793
array,95,95,10,440,5.1039719581604
array,95,95,10,270,3.190300941467285
array,95,95,10,386,4.504629135131836
array,95,95,10,308,3.605375051498413
array,95,95,10,429,5.037497043609619
array,95,95,10,312,3.6425859928131104
array,95,95,10,715,8.228272199630737
array,95,95,10,764,8.77100396156311
array,95,95,10,362,4.244620084762573
array,95,95,10,407,4.725301027297974
array,95,95,10,422,4.899434804916382
array,95,95,10,1130,12.736907958984375
array,95,95,10,396,4.591433048248291
array,95,95,10,260,3.0522499084472656
array,95,95,10,362,4.211493015289307
array,95,95,10,544,6.306649923324585
array,95,95,10,516,5.974548101425171
array,95,95,10,393,4.593487977981567
array,95,95,10,242,2.824370861053467
array,95,95,10,335,3.930426836013794
array,95,95,10,389,4.549426317214966
array,95,95,10,459,5.347499132156372
array,95,95,10,839,9.673968076705933
array,95,95,10,795,9.151487827301025
array,95,95,10,544,6.2722649574279785
array,95,95,10,485,5.646215915679932
array,95,95,10,340,3.973392963409424
array,95,95,10,329,3.8316831588745117
array,95,95,10,263,3.05062198638916
array,95,95,10,1330,14.943865776062012
array,95,95,10,755,8.842800855636597
array,95,95,10,350,4.184009790420532
array,95,95,10,787,9.432850122451782
array,95,95,10,872,10.314239978790283
array,95,95,10,290,3.3838388919830322
array,95,95,10,234,4.097176790237427
array,95,95,10,323,3.858323097229004
array,95,95,10,323,3.9122402667999268
array,95,95,10,543,6.548094034194946
array,95,95,10,1173,13.769576072692871
array,95,95,10,587,7.120090961456299
array,95,95,10,251,3.110059976577759
array,95,95,10,1215,14.209011316299438
array,95,95,10,1259,14.558598041534424
array,95,95,10,602,7.181574106216431
array,95,95,10,547,6.590518951416016
array,95,95,10,640,7.605184078216553
array,95,95,10,479,5.730835199356079
array,95,95,10,565,6.754547834396362
array,95,95,10,579,7.0236170291900635
array,95,95,100,1017,12.068030834197998
array,95,95,100,574,6.83228325843811
array,95,95,100,777,9.124583005905151
array,95,95,100,965,11.312806129455566
array,95,95,100,761,9.035943031311035
array,95,95,100,898,10.687286853790283
array,95,95,100,652,7.839629888534546
array,95,95,100,1080,12.663559913635254
array,95,95,100,660,7.685855865478516
array,95,95,100,399,4.812961101531982
array,95,95,100,1218,14.185564994812012
array,95,95,100,638,7.494232892990112
array,95,95,100,767,8.96931767463684
array,95,95,100,1003,11.522478103637695
array,95,95,100,798,9.25855803489685
array,95,95,100,768,9.064803838729858
array,95,95,100,517,6.064717054367065
array,95,95,100,765,8.92314100265503
array,95,95,100,806,9.404693126678467
array,95,95,100,443,5.223259687423706
array,95,95,100,775,9.05626630783081
array,95,95,100,534,6.294663906097412
array,95,95,100,1248,14.056560039520264
array,95,95,100,656,7.682650804519653
array,95,95,100,630,7.324959993362427
array,95,95,100,717,8.272751092910767
array,95,95,100,776,8.952845096588135
array,95,95,100,672,7.830348014831543
array,95,95,100,382,4.485927104949951
array,95,95,100,739,8.570816040039062
array,95,95,100,704,8.234158039093018
array,95,95,100,747,8.719462156295776
array,95,95,100,648,7.5810229778289795
array,95,95,100,630,7.8980090618133545
array,95,95,100,373,4.7110278606414795
array,95,95,100,432,5.173619031906128
array,95,95,100,554,6.443830966949463
array,95,95,100,591,7.063573122024536
array,95,95,100,1016,11.700463056564331
array,95,95,100,703,8.220752000808716
array,95,95,100,417,4.918896675109863
array,95,95,100,1393,15.675046920776367
array,95,95,100,1133,12.864666938781738
array,95,95,100,1223,13.81529188156128
array,95,95,100,491,5.747220993041992
array,95,95,100,306,3.6435818672180176
array,95,95,100,1017,11.599166870117188
array,95,95,100,689,8.029247045516968
array,95,95,100,1009,11.519824743270874
array,95,95,100,754,8.745140075683594
array,115,115,2,330,5.774057865142822
array,115,115,2,523,9.073990106582642
array,115,115,2,376,6.499077796936035
array,115,115,2,297,5.176676273345947
array,115,115,2,312,5.4034950733184814
array,115,115,2,375,6.494009256362915
array,115,115,2,302,5.296650171279907
array,115,115,2,435,7.5382139682769775
array,115,115,2,346,6.0397279262542725
array,115,115,2,204,3.5875120162963867
array,115,115,2,301,5.2851269245147705
array,115,115,2,233,4.0796661376953125
array,115,115,2,140,2.4245781898498535
array,115,115,2,352,6.149000883102417
array,115,115,2,260,4.577884912490845
array,115,115,2,261,4.496588230133057
array,115,115,2,208,3.5929360389709473
array,115,115,2,273,4.764737129211426
array,115,115,2,429,7.435720920562744
array,115,115,2,305,5.331208944320679
array,115,115,2,228,3.972712993621826
array,115,115,2,280,4.917414903640747
array,115,115,2,377,6.503910064697266
array,115,115,2,278,4.857600927352905
array,115,115,2,611,10.545557022094727
array,115,115,2,557,9.54951810836792
array,115,115,2,525,9.066298961639404
array,115,115,2,318,5.5126330852508545
array,115,115,2,266,4.870554208755493
array,115,115,2,550,9.565577983856201
array,115,115,2,386,6.707056283950806
array,115,115,2,320,5.614272594451904
array,115,115,2,348,6.086222887039185
array,115,115,2,370,6.495586156845093
array,115,115,2,267,4.630458116531372
array,115,115,2,233,4.070491075515747
array,115,115,2,198,3.4650628566741943
array,115,115,2,311,5.414435863494873
array,115,115,2,150,2.6068601608276367
array,115,115,2,458,7.989377021789551
array,115,115,2,264,4.574630975723267
array,115,115,2,199,3.4545233249664307
array,115,115,2,285,4.9588117599487305
array,115,115,2,257,4.493665933609009
array,115,115,2,348,6.029505968093872
array,115,115,2,695,11.984247207641602
array,115,115,2,389,6.761049032211304
array,115,115,2,370,6.4341208934783936
array,115,115,2,361,6.244086027145386
array,115,115,2,230,4.068110942840576
array,115,115,10,595,10.30064082145691
array,115,115,10,513,9.096319913864136
array,115,115,10,586,11.698165893554688
array,115,115,10,530,9.371372938156128
array,115,115,10,832,14.242374897003174
array,115,115,10,512,8.901670932769775
array,115,115,10,813,13.908897876739502
array,115,115,10,390,6.862998962402344
array,115,115,10,2347,38.65709114074707
array,115,115,10,427,7.381577968597412
array,115,115,10,515,9.171571969985962
array,115,115,10,374,6.749643087387085
array,115,115,10,305,5.738993883132935
array,115,115,10,236,4.022108316421509
array,115,115,10,329,5.649252891540527
array,115,115,10,527,8.976174116134644
array,115,115,10,1343,22.906732082366943
array,115,115,10,322,5.570893049240112
array,115,115,10,675,13.877111911773682
array,115,115,10,607,11.441180229187012
array,115,115,10,437,7.56706976890564
array,115,115,10,1036,17.800190925598145
array,115,115,10,395,6.942992687225342
array,115,115,10,807,14.925995826721191
array,115,115,10,706,12.269289016723633
array,115,115,10,554,9.647769927978516
array,115,115,10,592,10.490686893463135
array,115,115,10,584,10.440119743347168
array,115,115,10,666,11.558552026748657
array,115,115,10,632,11.015269756317139
array,115,115,10,1665,28.516911029815674
array,115,115,10,476,8.576098918914795
array,115,115,10,581,10.0825777053833
array,115,115,10,488,8.344361066818237
array,115,115,10,728,12.58266282081604
array,115,115,10,499,8.880030870437622
array,115,115,10,820,14.80436897277832
array,115,115,10,1280,22.36922812461853
array,115,115,10,871,16.205710887908936
array,115,115,10,380,6.808550834655762
array,115,115,10,1187,22.435230016708374
array,115,115,10,419,9.005862712860107
array,115,115,10,705,17.005525827407837
array,115,115,10,1059,23.0227530002594
array,115,115,10,650,13.573429107666016
array,115,115,10,387,8.085088014602661
array,115,115,10,681,13.597961902618408
array,115,115,10,697,13.887587785720825
array,115,115,10,576,10.353277921676636
array,115,115,10,649,11.631227254867554
array,115,115,100,1039,18.222994804382324
array,115,115,100,988,17.073061227798462
array,115,115,100,1027,18.472854137420654
array,115,115,100,975,18.32356286048889
array,115,115,100,734,14.128314018249512
array,115,115,100,454,8.233417987823486
array,115,115,100,1656,28.38627314567566
array,115,115,100,1503,26.230114698410034
array,115,115,100,1465,25.064661979675293
array,115,115,100,999,17.181087017059326
array,115,115,100,800,14.059919834136963
array,115,115,100,887,15.848867177963257
array,115,115,100,853,14.882352828979492
array,115,115,100,695,12.086041927337646
array,115,115,100,845,15.53568172454834
array,115,115,100,1710,29.468772888183594
array,115,115,100,1240,22.53886604309082
array,115,115,100,686,12.355758666992188
array,115,115,100,694,12.251791954040527
array,115,115,100,1584,27.343871116638184
array,115,115,100,1133,22.904726028442383
array,115,115,100,1005,22.103309154510498
array,115,115,100,926,19.017595052719116
array,115,115,100,2257,42.99429392814636
array,115,115,100,1097,22.55085802078247
array,115,115,100,925,21.190109968185425
array,115,115,100,910,19.19770908355713
array,115,115,100,420,10.593080997467041
array,115,115,100,1271,28.969247817993164
array,115,115,100,1326,28.539119720458984
array,115,115,100,1346,28.019410371780396
array,115,115,100,1406,24.677101850509644
array,115,115,100,867,16.042742013931274
array,115,115,100,1133,21.14558696746826
array,115,115,100,858,15.092455863952637
array,115,115,100,1058,18.536274194717407
array,115,115,100,1175,21.112329244613647
array,115,115,100,1604,28.49674415588379
array,115,115,100,1367,27.01209282875061
array,115,115,100,1115,26.82994794845581
array,115,115,100,1116,23.5460422039032
array,115,115,100,1347,24.386553049087524
array,115,115,100,1347,22.790931224822998
array,115,115,100,574,9.972944974899292
array,115,115,100,526,9.298336744308472
array,115,115,100,1128,19.678544282913208
array,115,115,100,580,10.460407972335815
array,115,115,100,1151,20.661152124404907
array,115,115,100,1099,19.737262725830078
array,115,115,100,644,11.23234510421753
